<?xml version='1.0' encoding='utf-8'?>
<widget>
    <content src="index2.html" />
    <plugins>
        <plugin name="Device" value="CDVDevice" />
        <plugin name="Logger" value="CDVLogger" />
        <plugin name="Compass" value="CDVLocation" />
        <plugin name="Accelerometer" value="CDVAccelerometer" />
        <plugin name="Camera" value="CDVCamera" />
        <plugin name="NetworkStatus" value="CDVConnection" />
        <plugin name="Contacts" value="CDVContacts" />
        <plugin name="Debug Console" value="CDVDebugConsole" />
        <plugin name="Echo" value="CDVEcho" />
        <plugin name="File" value="CDVFile" />
        <plugin name="FileTransfer" value="CDVFileTransfer" />
        <plugin name="Geolocation" value="CDVLocation" />
        <plugin name="Notification" value="CDVNotification" />
        <plugin name="Media" value="CDVSound" />
        <plugin name="Capture" value="CDVCapture" />
        <plugin name="SplashScreen" value="CDVSplashScreen" />
        <plugin name="Battery" value="CDVBattery" />
        <plugin name="Globalization" value="CDVGlobalization" />
        <plugin name="InAppBrowser" value="CDVInAppBrowser" />
    </plugins>
    <access origin="*" />
    <preference name="KeyboardDisplayRequiresUserAction" value="true" />
    <preference name="SuppressesIncrementalRendering" value="false" />
    <preference name="UIWebViewBounce" value="true" />
    <preference name="TopActivityIndicator" value="gray" />
    <preference name="EnableLocation" value="false" />
    <preference name="EnableViewportScale" value="false" />
    <preference name="AutoHideSplashScreen" value="true" />
    <preference name="ShowSplashScreenSpinner" value="true" />
    <preference name="MediaPlaybackRequiresUserAction" value="false" />
    <preference name="AllowInlineMediaPlayback" value="false" />
    <preference name="OpenAllWhitelistURLsInWebView" value="false" />
    <preference name="BackupWebStorage" value="cloud" />
    <preference name="phonegap-version" value="1.9.0" />
    <preference name="orientation" value="default" />
    <preference name="target-device" value="universal" />
    <preference name="fullscreen" value="false" />
    <content />
    <content src="index.html" />
    <content />
</widget>
