<?xml version='1.0' encoding='utf-8'?>
<cordova>
    <content src="index.html" />
    <log level="DEBUG" />
    <plugins>
        <plugin name="App" value="org.apache.cordova.App" />
        <plugin name="Geolocation" value="org.apache.cordova.GeoBroker" />
        <plugin name="Device" value="org.apache.cordova.Device" />
        <plugin name="Accelerometer" value="org.apache.cordova.AccelListener" />
        <plugin name="Compass" value="org.apache.cordova.CompassListener" />
        <plugin name="Media" value="org.apache.cordova.AudioHandler" />
        <plugin name="Camera" value="org.apache.cordova.CameraLauncher" />
        <plugin name="Contacts" value="org.apache.cordova.ContactManager" />
        <plugin name="File" value="org.apache.cordova.FileUtils" />
        <plugin name="NetworkStatus" value="org.apache.cordova.NetworkManager" />
        <plugin name="Notification" value="org.apache.cordova.Notification" />
        <plugin name="Storage" value="org.apache.cordova.Storage" />
        <plugin name="FileTransfer" value="org.apache.cordova.FileTransfer" />
        <plugin name="Capture" value="org.apache.cordova.Capture" />
        <plugin name="Battery" value="org.apache.cordova.BatteryListener" />
        <plugin name="SplashScreen" value="org.apache.cordova.SplashScreen" />
        <plugin name="Echo" value="org.apache.cordova.Echo" />
        <plugin name="Globalization" value="org.apache.cordova.Globalization" />
        <plugin name="InAppBrowser" value="org.apache.cordova.InAppBrowser" />
    </plugins>
    <access origin="*" />
    <preference name="useBrowserHistory" value="true" />
    <preference name="exit-on-suspend" value="false" />
    <preference name="phonegap-version" value="1.9.0" />
    <preference name="orientation" value="default" />
    <preference name="target-device" value="universal" />
    <preference name="fullscreen" value="false" />
</cordova>
